condition_id,asset,title,slug,outcome,traders,entry_supporting_traders,supporting_traders,date_first_seen,entry_price,current_price,consensus_active,status,exit_price,pct_return,last_updated
0xd304b890543023685a46aacbe824e43675f371af7c1091ecf5f3f04c9b59bae4,53957055778699850880676662958492662661957031774103776966682758055005564381987,Dota 2: Team Falcons vs OG - Game 2 Winner,dota2-flc-og-2026-08-01-game2,Team Falcons,"bogemika, bvrs, gxxyy",3,3,2026-08-01 19:22 UTC,0.3344619061487114227092985513,0.0005,yes,OPEN,,,2026-08-01 20:14 UTC
0x26a7fca01c7ad101ef9a2c14428d5c0ceb8efa6a00660a44942786599dc70c38,105247878468493382370386975264434468393765675757121860122932166261035250113331,Dota 2: REKONIX vs Xtreme Gaming - Game 2 Winner,dota2-rnx-xtreme-2026-08-01-game2,REKONIX,"bogemika, canoflanagan",2,2,2026-08-01 19:36 UTC,0.2755169549808059828753413665,0.0005,yes,OPEN,,,2026-08-01 20:14 UTC
0x83c7da1a6db8b10dff967ac9521247425876f61c98b4b11a015c0655b14d6920,58072664304534053807399690028827366526266490187461498146953419758451379169943,LoL: Karmine Corp vs Natus Vincere (BO3) - LEC Regular Season,lol-kc-navi-2026-08-01,Natus Vincere,"Esports_1610db, Esports_2c3350",2,2,2026-08-01 19:40 UTC,0.1520154065729935458678267590,0.095,yes,OPEN,,,2026-08-01 20:14 UTC
0xfe4531b7aa43541a5724dd2a85e2723aebfc2b909e2b80034533fbface9ab40b,48893679500858289368358128193980357528194171839601662790929904407199782299541,LoL: Karmine Corp vs Natus Vincere - Game 2 Winner,lol-kc-navi-2026-08-01-game2,Karmine Corp,"Esports_0b5a14, asuka7",2,2,2026-08-01 19:42 UTC,0.7391263521994374192166625230,0.375,yes,OPEN,,,2026-08-01 20:14 UTC
0x963cca7014d3df9b5ec4d386ff552c6af81d90c29984802bb5a4b7020b7e27a9,110421333637677034550593079821481469792895545406719320838479968113200047291625,Dota 2: Team Liquid vs GamerLegion - Game 1 Winner,dota2-liquid-gl-2026-08-01-game1,Team Liquid,"Esports_2c3350, Esports_bfab15, bvrs",3,4,2026-08-01 20:06 UTC,0.6165024388953454312684923484,0.54,yes,OPEN,,,2026-08-01 20:14 UTC
0x3bad46f79406685f8ea9ef783e009000baa7f44bf3401404ea79414aa9a2142c,27207663584875448830339186128082207725742463077607685685611963634683626629402,Dota 2: GLYPH vs Zero Tenacity - Game 2 Winner,dota2-glyph-z10-2026-08-01-game2,GLYPH,"bvrs, canoflanagan, howtoplaydota",3,2,2026-08-01 17:42 UTC,0.5270916222587699611101734781,0.725,no,CLOSED,0.725,37.55,2026-08-01 18:10 UTC
0x860e1c06034a87e2e4cc1bd66398247339515a7eb3f38fedb79f386a90ebf1da,68684989783023119438846508607978334478582083468269759595435218436405472209641,LoL: Karmine Corp vs Natus Vincere - Game 1 Winner,lol-kc-navi-2026-08-01-game1,Natus Vincere,"Gengfrauds, LOBODAFL, bogemika, entropytime, fkgggg2mouzfuria, swy01",6,5,2026-08-01 18:58 UTC,0.4128190103884769982884221693,0.455,no,CLOSED,0.455,10.22,2026-08-01 18:59 UTC
0x860e1c06034a87e2e4cc1bd66398247339515a7eb3f38fedb79f386a90ebf1da,18831950462864966012011478897771129856365338637792430011823608389065270022989,LoL: Karmine Corp vs Natus Vincere - Game 1 Winner,lol-kc-navi-2026-08-01-game1,Karmine Corp,"Gengfrauds, entropytime",2,1,2026-08-01 19:10 UTC,0.2549754474050064097263586155,0.145,no,CLOSED,0.145,-43.13,2026-08-01 19:14 UTC
0xd304b890543023685a46aacbe824e43675f371af7c1091ecf5f3f04c9b59bae4,41472728834402333939412283511818709963730274118746194781394214274110548024893,Dota 2: Team Falcons vs OG - Game 2 Winner,dota2-flc-og-2026-08-01-game2,OG,"bogemika, canoflanagan",2,1,2026-08-01 17:42 UTC,0.2497344983342783996328549238,0.65,no,CLOSED,0.65,160.28,2026-08-01 19:26 UTC
